date,order_id,product,region,channel,quantity,unit_price,revenue
2025-01-06,ORD-1000,Monitor,West,Retail,1,621,621
2025-10-24,ORD-1001,Headphones,East,Partner,1,311,311
2025-02-03,ORD-1002,Laptop,North,Online,3,57,171
2025-02-23,ORD-1003,Laptop,East,Retail,2,176,352
2025-09-10,ORD-1004,Tablet,North,Partner,3,1008,3024
2025-05-13,ORD-1005,Phone,North,Retail,4,1481,5924
2025-07-16,ORD-1006,Tablet,South,Partner,2,868,1736
2025-05-27,ORD-1007,Phone,East,Online,1,267,267
2025-06-12,ORD-1008,Laptop,East,Online,4,1183,4732
2025-06-07,ORD-1009,Monitor,South,Retail,1,940,940
2025-07-25,ORD-1010,Laptop,East,Online,3,439,1317
2025-10-13,ORD-1011,Phone,East,Online,3,709,2127
2025-05-25,ORD-1012,Tablet,North,Retail,2,537,1074
2025-07-16,ORD-1013,Tablet,West,Online,2,968,1936
2025-08-11,ORD-1014,Monitor,North,Retail,3,152,456
2025-11-29,ORD-1015,Laptop,North,Online,2,148,296
2025-03-18,ORD-1016,Tablet,West,Partner,1,1099,1099
2025-06-05,ORD-1017,Monitor,South,Online,1,357,357
2025-10-03,ORD-1018,Tablet,East,Retail,3,1116,3348
2025-06-21,ORD-1019,Tablet,East,Retail,2,1448,2896
2025-11-16,ORD-1020,Laptop,West,Partner,2,1143,2286
2025-09-01,ORD-1021,Tablet,West,Online,2,1390,2780
2025-04-09,ORD-1022,Tablet,North,Partner,2,1195,2390
2025-10-17,ORD-1023,Laptop,South,Online,2,1349,2698
2025-07-12,ORD-1024,Phone,North,Partner,1,845,845
2025-06-06,ORD-1025,Monitor,West,Retail,1,78,78
2025-10-15,ORD-1026,Laptop,East,Partner,4,601,2404
2025-12-04,ORD-1027,Phone,West,Online,4,1268,5072
2025-08-27,ORD-1028,Monitor,South,Retail,4,607,2428
2025-08-06,ORD-1029,Laptop,North,Online,2,62,124
2025-06-04,ORD-1030,Phone,East,Retail,1,1459,1459
2025-05-14,ORD-1031,Headphones,East,Online,3,1188,3564
2025-07-21,ORD-1032,Laptop,South,Online,3,441,1323
2025-02-06,ORD-1033,Tablet,South,Online,1,1471,1471
2025-05-01,ORD-1034,Phone,East,Online,4,759,3036
2025-07-26,ORD-1035,Tablet,North,Retail,2,1208,2416
2025-05-26,ORD-1036,Tablet,East,Retail,4,884,3536
2025-07-19,ORD-1037,Headphones,West,Retail,1,1227,1227
2025-11-05,ORD-1038,Laptop,North,Online,4,1330,5320
2025-04-09,ORD-1039,Monitor,East,Partner,3,1075,3225
2025-01-18,ORD-1040,Tablet,South,Retail,4,577,2308
2025-05-24,ORD-1041,Tablet,South,Retail,3,838,2514
2025-01-09,ORD-1042,Phone,East,Online,1,1140,1140
2025-12-14,ORD-1043,Laptop,North,Online,1,447,447
2025-01-22,ORD-1044,Laptop,North,Partner,2,218,436
2025-11-06,ORD-1045,Phone,East,Retail,4,53,212
2025-01-18,ORD-1046,Monitor,North,Retail,4,1089,4356
2025-03-31,ORD-1047,Laptop,West,Retail,1,332,332
2025-01-09,ORD-1048,Headphones,North,Retail,3,1290,3870
2025-10-12,ORD-1049,Tablet,East,Retail,4,1439,5756
2025-06-25,ORD-1050,Tablet,East,Retail,1,1413,1413
2025-05-25,ORD-1051,Laptop,East,Partner,4,121,484
2025-08-12,ORD-1052,Tablet,East,Online,2,1434,2868
2025-04-23,ORD-1053,Headphones,South,Partner,3,1146,3438
2025-10-04,ORD-1054,Monitor,North,Partner,2,238,476
2025-10-08,ORD-1055,Phone,South,Partner,4,140,560
2025-01-14,ORD-1056,Laptop,West,Partner,2,1310,2620
2025-06-28,ORD-1057,Tablet,North,Partner,3,1185,3555
2025-01-03,ORD-1058,Tablet,North,Partner,2,1456,2912
2025-05-30,ORD-1059,Monitor,North,Online,2,1176,2352
2025-01-08,ORD-1060,Tablet,East,Retail,3,1452,4356
2025-11-27,ORD-1061,Tablet,North,Retail,1,890,890
2025-06-04,ORD-1062,Headphones,East,Retail,3,78,234
2025-09-04,ORD-1063,Headphones,East,Partner,4,1190,4760
2025-08-22,ORD-1064,Headphones,East,Partner,4,691,2764
2025-05-01,ORD-1065,Monitor,West,Partner,4,149,596
2025-07-07,ORD-1066,Tablet,East,Online,1,1203,1203
2025-07-12,ORD-1067,Laptop,North,Online,2,403,806
2025-11-21,ORD-1068,Phone,East,Partner,1,82,82
2025-12-07,ORD-1069,Tablet,North,Online,1,803,803
2025-10-18,ORD-1070,Laptop,West,Online,3,712,2136
2025-09-16,ORD-1071,Phone,East,Online,4,1158,4632
2025-12-19,ORD-1072,Headphones,North,Online,3,1381,4143
2025-08-12,ORD-1073,Tablet,North,Retail,4,308,1232
2025-11-07,ORD-1074,Laptop,East,Retail,1,208,208
2025-09-15,ORD-1075,Laptop,South,Online,3,1096,3288
2025-12-27,ORD-1076,Monitor,East,Partner,2,139,278
2025-05-21,ORD-1077,Tablet,East,Partner,1,643,643
2025-01-30,ORD-1078,Phone,East,Partner,3,410,1230
2025-10-15,ORD-1079,Phone,North,Partner,1,261,261
2025-02-11,ORD-1080,Headphones,West,Partner,4,100,400
2025-12-04,ORD-1081,Monitor,West,Retail,3,1295,3885
2025-11-28,ORD-1082,Headphones,East,Retail,2,1400,2800
2025-10-11,ORD-1083,Tablet,North,Online,2,1218,2436
2025-03-23,ORD-1084,Headphones,West,Online,3,1280,3840
2025-09-28,ORD-1085,Laptop,West,Online,1,1377,1377
2025-08-28,ORD-1086,Phone,East,Online,2,75,150
2025-06-24,ORD-1087,Headphones,North,Online,4,1392,5568
2025-10-24,ORD-1088,Tablet,North,Online,4,905,3620
2025-01-21,ORD-1089,Phone,East,Partner,3,975,2925
2025-05-24,ORD-1090,Phone,North,Retail,2,211,422
2025-05-25,ORD-1091,Headphones,West,Partner,1,318,318
2025-03-12,ORD-1092,Tablet,West,Retail,4,1037,4148
2025-02-20,ORD-1093,Tablet,West,Retail,3,360,1080
2025-08-23,ORD-1094,Headphones,North,Retail,4,111,444
2025-09-03,ORD-1095,Monitor,East,Retail,4,1181,4724
2025-12-01,ORD-1096,Laptop,North,Retail,3,345,1035
2025-03-27,ORD-1097,Monitor,East,Partner,2,356,712
2025-04-19,ORD-1098,Phone,East,Online,4,1358,5432
2025-04-04,ORD-1099,Monitor,South,Online,4,323,1292
2025-11-12,ORD-1100,Tablet,North,Partner,4,126,504
2025-12-10,ORD-1101,Laptop,West,Partner,4,77,308
2025-02-06,ORD-1102,Phone,North,Partner,2,235,470
2025-08-17,ORD-1103,Tablet,South,Partner,3,858,2574
2025-04-30,ORD-1104,Headphones,East,Retail,4,330,1320
2025-05-17,ORD-1105,Phone,West,Retail,2,917,1834
2025-07-26,ORD-1106,Monitor,West,Partner,1,780,780
2025-10-29,ORD-1107,Tablet,South,Online,1,505,505
2025-05-24,ORD-1108,Phone,South,Online,1,534,534
2025-04-05,ORD-1109,Tablet,North,Retail,4,1102,4408
2025-07-06,ORD-1110,Headphones,West,Partner,1,348,348
2025-08-31,ORD-1111,Monitor,South,Partner,1,913,913
2025-12-10,ORD-1112,Laptop,East,Partner,2,1098,2196
2025-05-04,ORD-1113,Phone,East,Retail,3,294,882
2025-11-25,ORD-1114,Tablet,West,Online,1,227,227
2025-10-25,ORD-1115,Headphones,East,Retail,4,269,1076
2025-11-30,ORD-1116,Tablet,South,Retail,2,304,608
2025-12-01,ORD-1117,Phone,West,Online,2,475,950
2025-03-25,ORD-1118,Laptop,South,Partner,4,1283,5132
2025-05-17,ORD-1119,Headphones,West,Retail,4,399,1596
2025-09-01,ORD-1120,Monitor,East,Partner,4,435,1740
2025-07-21,ORD-1121,Monitor,East,Retail,3,1350,4050
2025-03-30,ORD-1122,Headphones,South,Online,1,1445,1445
2025-02-14,ORD-1123,Monitor,North,Online,2,858,1716
2025-11-10,ORD-1124,Phone,North,Retail,3,155,465
2025-12-25,ORD-1125,Headphones,North,Partner,4,83,332
2025-05-20,ORD-1126,Tablet,East,Partner,2,879,1758
2025-12-17,ORD-1127,Phone,North,Online,4,1421,5684
2025-10-15,ORD-1128,Headphones,West,Retail,4,205,820
2025-04-21,ORD-1129,Tablet,South,Retail,3,120,360
2025-11-26,ORD-1130,Laptop,South,Retail,3,1173,3519
2025-08-13,ORD-1131,Headphones,North,Online,3,1415,4245
2025-09-07,ORD-1132,Headphones,South,Retail,4,1479,5916
2025-08-20,ORD-1133,Headphones,West,Partner,2,1277,2554
2025-11-18,ORD-1134,Tablet,North,Online,2,1159,2318
2025-07-09,ORD-1135,Tablet,North,Partner,3,1081,3243
2025-05-15,ORD-1136,Monitor,West,Partner,3,1179,3537
2025-01-04,ORD-1137,Monitor,North,Partner,4,470,1880
2025-02-16,ORD-1138,Headphones,South,Retail,2,164,328
2025-11-04,ORD-1139,Monitor,North,Online,1,242,242
2025-05-28,ORD-1140,Laptop,South,Partner,1,51,51
2025-02-11,ORD-1141,Tablet,North,Partner,2,461,922
2025-01-15,ORD-1142,Tablet,East,Online,3,1442,4326
2025-01-12,ORD-1143,Laptop,West,Partner,3,841,2523
2025-11-14,ORD-1144,Headphones,South,Retail,3,483,1449
2025-02-19,ORD-1145,Tablet,South,Retail,1,540,540
2025-12-13,ORD-1146,Phone,West,Online,1,135,135
2025-12-04,ORD-1147,Headphones,South,Online,3,731,2193
2025-08-27,ORD-1148,Laptop,West,Retail,2,655,1310
2025-10-03,ORD-1149,Headphones,North,Partner,3,109,327
2025-01-23,ORD-1150,Tablet,East,Retail,1,695,695
2025-08-25,ORD-1151,Monitor,North,Retail,3,254,762
2025-10-08,ORD-1152,Laptop,West,Partner,4,79,316
2025-07-15,ORD-1153,Phone,North,Online,1,1157,1157
2025-10-15,ORD-1154,Laptop,North,Online,2,989,1978
2025-11-09,ORD-1155,Headphones,West,Online,1,1087,1087
2025-12-16,ORD-1156,Headphones,West,Partner,4,642,2568
2025-06-02,ORD-1157,Phone,East,Partner,4,547,2188
2025-01-02,ORD-1158,Phone,South,Partner,3,157,471
2025-11-20,ORD-1159,Tablet,West,Online,1,116,116
2025-06-26,ORD-1160,Headphones,West,Online,4,148,592
2025-08-20,ORD-1161,Laptop,North,Partner,2,1126,2252
2025-04-01,ORD-1162,Laptop,South,Retail,2,838,1676
2025-05-08,ORD-1163,Headphones,South,Online,3,110,330
2025-07-25,ORD-1164,Phone,North,Retail,4,1394,5576
2025-12-22,ORD-1165,Tablet,East,Online,3,1079,3237
2025-01-14,ORD-1166,Tablet,West,Online,4,779,3116
2025-09-26,ORD-1167,Laptop,West,Partner,2,1124,2248
2025-08-09,ORD-1168,Tablet,South,Online,1,413,413
2025-06-24,ORD-1169,Monitor,North,Partner,3,1185,3555
2025-02-14,ORD-1170,Monitor,East,Retail,3,602,1806
2025-11-17,ORD-1171,Headphones,West,Online,4,1480,5920
2025-12-10,ORD-1172,Phone,West,Online,4,1092,4368
2025-08-11,ORD-1173,Headphones,South,Partner,3,320,960
2025-09-20,ORD-1174,Phone,East,Online,4,749,2996
2025-12-13,ORD-1175,Phone,North,Online,1,1270,1270
2025-08-18,ORD-1176,Laptop,South,Retail,4,272,1088
2025-03-21,ORD-1177,Monitor,North,Online,3,105,315
2025-10-22,ORD-1178,Laptop,West,Online,3,526,1578
2025-04-25,ORD-1179,Tablet,North,Partner,2,1087,2174
2025-06-26,ORD-1180,Headphones,North,Retail,2,789,1578
2025-08-02,ORD-1181,Tablet,West,Partner,2,933,1866
2025-02-18,ORD-1182,Tablet,West,Partner,3,1237,3711
2025-11-20,ORD-1183,Phone,East,Online,4,1399,5596
2025-03-11,ORD-1184,Headphones,West,Retail,4,95,380
2025-09-13,ORD-1185,Phone,North,Online,4,1419,5676
2025-10-03,ORD-1186,Phone,West,Online,1,94,94
2025-06-23,ORD-1187,Laptop,North,Partner,2,1344,2688
2025-08-11,ORD-1188,Tablet,East,Partner,4,1056,4224
2025-02-28,ORD-1189,Laptop,West,Online,4,141,564
2025-07-05,ORD-1190,Tablet,West,Online,1,750,750
2025-05-24,ORD-1191,Phone,West,Partner,2,1229,2458
2025-11-12,ORD-1192,Phone,West,Partner,3,375,1125
2025-11-11,ORD-1193,Headphones,East,Online,1,102,102
2025-05-10,ORD-1194,Tablet,West,Online,3,619,1857
2025-06-03,ORD-1195,Headphones,East,Partner,4,864,3456
2025-08-05,ORD-1196,Phone,East,Partner,2,774,1548
2025-05-20,ORD-1197,Tablet,North,Online,2,1094,2188
2025-08-25,ORD-1198,Headphones,North,Partner,1,1115,1115
2025-08-08,ORD-1199,Headphones,East,Online,2,1259,2518
2025-12-29,ORD-1200,Tablet,North,Retail,3,177,531
2025-06-27,ORD-1201,Phone,North,Partner,2,484,968
2025-11-25,ORD-1202,Headphones,West,Online,3,598,1794
2025-10-24,ORD-1203,Tablet,East,Online,1,421,421
2025-08-03,ORD-1204,Headphones,West,Online,1,1360,1360
2025-07-08,ORD-1205,Monitor,South,Partner,1,1203,1203
2025-06-19,ORD-1206,Phone,South,Retail,2,410,820
2025-10-14,ORD-1207,Headphones,West,Partner,2,639,1278
2025-12-02,ORD-1208,Headphones,South,Partner,4,732,2928
2025-12-14,ORD-1209,Headphones,South,Retail,1,1235,1235
2025-02-28,ORD-1210,Monitor,South,Online,2,1048,2096
2025-11-26,ORD-1211,Phone,North,Retail,4,1497,5988
2025-08-31,ORD-1212,Tablet,South,Online,3,92,276
2025-04-26,ORD-1213,Headphones,West,Retail,2,1478,2956
2025-10-18,ORD-1214,Tablet,East,Partner,1,231,231
2025-09-02,ORD-1215,Headphones,South,Partner,4,81,324
2025-08-02,ORD-1216,Monitor,West,Online,2,489,978
2025-02-05,ORD-1217,Phone,North,Retail,4,218,872
2025-11-28,ORD-1218,Tablet,West,Retail,1,404,404
2025-01-02,ORD-1219,Monitor,South,Partner,2,1143,2286
2025-03-30,ORD-1220,Phone,West,Online,2,1355,2710
2025-05-01,ORD-1221,Headphones,South,Online,1,603,603
2025-06-16,ORD-1222,Phone,West,Partner,3,1252,3756
2025-12-05,ORD-1223,Monitor,East,Partner,4,791,3164
2025-11-28,ORD-1224,Laptop,South,Retail,3,772,2316
2025-02-27,ORD-1225,Tablet,North,Partner,4,859,3436
2025-01-24,ORD-1226,Monitor,North,Retail,1,1150,1150
2025-04-11,ORD-1227,Tablet,South,Retail,1,268,268
2025-05-10,ORD-1228,Monitor,West,Online,1,143,143
2025-12-31,ORD-1229,Monitor,South,Partner,4,1460,5840
2025-09-30,ORD-1230,Phone,West,Online,2,355,710
2025-07-07,ORD-1231,Monitor,North,Partner,1,1425,1425
2025-12-27,ORD-1232,Laptop,West,Partner,2,960,1920
2025-06-10,ORD-1233,Tablet,South,Partner,1,1458,1458
2025-08-10,ORD-1234,Phone,South,Online,1,457,457
2025-10-11,ORD-1235,Tablet,West,Online,3,952,2856
2025-06-01,ORD-1236,Laptop,East,Partner,1,588,588
2025-10-23,ORD-1237,Headphones,West,Partner,3,614,1842
2025-11-11,ORD-1238,Monitor,West,Partner,2,67,134
2025-02-23,ORD-1239,Laptop,West,Partner,2,1351,2702
2025-05-10,ORD-1240,Laptop,South,Partner,3,849,2547
2025-04-30,ORD-1241,Monitor,East,Online,4,473,1892
2025-05-01,ORD-1242,Tablet,West,Partner,3,91,273
2025-10-13,ORD-1243,Headphones,East,Partner,2,210,420
2025-01-23,ORD-1244,Laptop,South,Partner,4,569,2276
2025-01-09,ORD-1245,Tablet,North,Partner,2,509,1018
2025-06-30,ORD-1246,Phone,West,Retail,4,860,3440
2025-12-13,ORD-1247,Headphones,West,Retail,1,475,475
2025-02-07,ORD-1248,Tablet,South,Retail,3,110,330
2025-08-12,ORD-1249,Headphones,East,Online,4,809,3236
2025-10-10,ORD-1250,Monitor,East,Partner,2,1317,2634
2025-09-17,ORD-1251,Tablet,East,Retail,2,912,1824
2025-03-10,ORD-1252,Monitor,West,Partner,4,1328,5312
2025-03-07,ORD-1253,Tablet,South,Online,2,112,224
2025-12-20,ORD-1254,Headphones,West,Partner,1,222,222
2025-10-01,ORD-1255,Tablet,South,Partner,1,1424,1424
2025-02-19,ORD-1256,Monitor,East,Online,2,1441,2882
2025-09-04,ORD-1257,Headphones,North,Online,4,815,3260
2025-10-18,ORD-1258,Phone,South,Partner,1,1407,1407
2025-11-06,ORD-1259,Laptop,South,Online,3,1441,4323
2025-04-17,ORD-1260,Monitor,South,Online,3,122,366
2025-05-31,ORD-1261,Headphones,South,Online,3,256,768
2025-08-27,ORD-1262,Laptop,South,Partner,4,1000,4000
2025-05-17,ORD-1263,Tablet,East,Retail,2,802,1604
2025-08-25,ORD-1264,Headphones,East,Partner,2,224,448
2025-05-21,ORD-1265,Laptop,East,Retail,2,635,1270
2025-09-14,ORD-1266,Monitor,North,Online,2,94,188
2025-04-05,ORD-1267,Phone,West,Retail,2,1040,2080
2025-05-25,ORD-1268,Laptop,East,Partner,2,77,154
2025-11-03,ORD-1269,Laptop,East,Partner,2,1210,2420
2025-10-29,ORD-1270,Laptop,North,Partner,1,328,328
2025-12-23,ORD-1271,Tablet,East,Online,3,93,279
2025-12-11,ORD-1272,Laptop,West,Online,1,1177,1177
2025-02-02,ORD-1273,Laptop,South,Online,1,881,881
2025-07-26,ORD-1274,Tablet,South,Retail,4,615,2460
2025-08-29,ORD-1275,Monitor,North,Online,4,1094,4376
2025-01-27,ORD-1276,Tablet,North,Retail,1,284,284
2025-12-08,ORD-1277,Tablet,North,Partner,4,725,2900
2025-08-26,ORD-1278,Tablet,East,Retail,2,122,244
2025-05-31,ORD-1279,Laptop,North,Partner,4,211,844
2025-08-21,ORD-1280,Headphones,South,Retail,3,1170,3510
2025-01-14,ORD-1281,Monitor,West,Online,4,1479,5916
2025-11-20,ORD-1282,Tablet,East,Online,3,563,1689
2025-01-04,ORD-1283,Laptop,South,Retail,2,366,732
2025-03-10,ORD-1284,Laptop,South,Retail,2,954,1908
2025-04-23,ORD-1285,Tablet,East,Retail,1,282,282
2025-05-14,ORD-1286,Headphones,North,Online,4,683,2732
2025-12-04,ORD-1287,Headphones,West,Partner,4,1269,5076
2025-11-28,ORD-1288,Tablet,West,Retail,4,609,2436
2025-02-18,ORD-1289,Monitor,East,Online,2,129,258
2025-02-13,ORD-1290,Tablet,South,Retail,3,1077,3231
2025-10-08,ORD-1291,Monitor,West,Online,2,882,1764
2025-02-20,ORD-1292,Tablet,East,Partner,4,216,864
2025-07-22,ORD-1293,Laptop,North,Retail,2,727,1454
2025-08-06,ORD-1294,Monitor,West,Partner,4,470,1880
2025-03-03,ORD-1295,Tablet,East,Online,2,1111,2222
2025-11-15,ORD-1296,Laptop,North,Partner,2,395,790
2025-03-23,ORD-1297,Headphones,West,Online,4,218,872
2025-11-09,ORD-1298,Headphones,South,Partner,3,714,2142
2025-08-05,ORD-1299,Headphones,West,Partner,1,657,657
2025-02-09,ORD-1300,Phone,North,Online,1,342,342
2025-02-22,ORD-1301,Monitor,South,Partner,2,1240,2480
2025-02-24,ORD-1302,Tablet,West,Retail,2,355,710
2025-09-15,ORD-1303,Laptop,West,Partner,3,621,1863
2025-09-23,ORD-1304,Laptop,East,Partner,4,412,1648
2025-09-28,ORD-1305,Tablet,South,Partner,4,1157,4628
2025-05-17,ORD-1306,Headphones,West,Online,1,1369,1369
2025-08-31,ORD-1307,Phone,West,Online,1,1142,1142
2025-01-07,ORD-1308,Headphones,West,Retail,4,147,588
2025-12-09,ORD-1309,Monitor,East,Online,4,1287,5148
2025-02-14,ORD-1310,Phone,South,Online,1,1322,1322
2025-12-23,ORD-1311,Laptop,North,Partner,1,1206,1206
2025-02-03,ORD-1312,Phone,South,Online,4,188,752
2025-01-14,ORD-1313,Phone,East,Retail,1,695,695
2025-01-28,ORD-1314,Phone,North,Retail,1,373,373
2025-10-06,ORD-1315,Phone,West,Partner,2,1416,2832
2025-11-24,ORD-1316,Laptop,North,Online,3,1232,3696
2025-08-12,ORD-1317,Monitor,East,Online,3,802,2406
2025-01-19,ORD-1318,Phone,South,Online,2,835,1670
2025-04-01,ORD-1319,Headphones,North,Online,1,185,185
2025-05-30,ORD-1320,Phone,South,Retail,1,689,689
2025-03-01,ORD-1321,Tablet,West,Online,4,822,3288
2025-11-23,ORD-1322,Monitor,South,Online,3,778,2334
2025-12-13,ORD-1323,Phone,West,Retail,3,432,1296
2025-09-26,ORD-1324,Tablet,East,Online,3,876,2628
2025-02-11,ORD-1325,Headphones,North,Retail,4,292,1168
2025-03-12,ORD-1326,Tablet,West,Partner,2,960,1920
2025-05-26,ORD-1327,Tablet,North,Online,2,1062,2124
2025-08-08,ORD-1328,Tablet,South,Partner,2,1468,2936
2025-09-07,ORD-1329,Phone,North,Online,4,1014,4056
2025-03-21,ORD-1330,Monitor,North,Online,2,625,1250
2025-12-07,ORD-1331,Headphones,West,Online,3,151,453
2025-03-11,ORD-1332,Laptop,West,Retail,4,65,260
2025-08-26,ORD-1333,Laptop,East,Online,4,290,1160
2025-03-03,ORD-1334,Phone,South,Online,4,274,1096
2025-08-04,ORD-1335,Headphones,West,Partner,3,369,1107
2025-06-03,ORD-1336,Laptop,West,Retail,4,1348,5392
2025-08-19,ORD-1337,Tablet,South,Retail,4,376,1504
2025-12-15,ORD-1338,Headphones,South,Partner,4,1477,5908
2025-07-02,ORD-1339,Headphones,North,Retail,1,830,830
2025-07-17,ORD-1340,Headphones,South,Partner,4,1367,5468
2025-11-14,ORD-1341,Headphones,South,Retail,3,1092,3276
2025-01-14,ORD-1342,Monitor,South,Retail,4,871,3484
2025-08-30,ORD-1343,Tablet,East,Online,3,1470,4410
2025-11-30,ORD-1344,Monitor,North,Retail,3,950,2850
2025-10-26,ORD-1345,Laptop,North,Partner,4,858,3432
2025-11-30,ORD-1346,Headphones,East,Retail,3,301,903
2025-11-12,ORD-1347,Monitor,West,Retail,4,1234,4936
2025-02-07,ORD-1348,Monitor,South,Online,3,1059,3177
2025-09-27,ORD-1349,Headphones,South,Partner,4,1248,4992
2025-09-20,ORD-1350,Phone,West,Retail,2,799,1598
2025-02-28,ORD-1351,Tablet,North,Partner,4,1293,5172
2025-08-28,ORD-1352,Monitor,North,Retail,1,99,99
2025-06-29,ORD-1353,Phone,North,Partner,1,1002,1002
2025-07-22,ORD-1354,Tablet,West,Online,3,418,1254
2025-11-29,ORD-1355,Monitor,West,Online,4,1344,5376
2025-10-01,ORD-1356,Phone,South,Partner,4,409,1636
2025-03-05,ORD-1357,Tablet,South,Partner,4,1111,4444
2025-12-22,ORD-1358,Laptop,North,Partner,3,190,570
2025-04-13,ORD-1359,Laptop,North,Retail,1,457,457
2025-08-23,ORD-1360,Tablet,South,Online,4,694,2776
2025-01-06,ORD-1361,Tablet,South,Retail,2,440,880
2025-06-17,ORD-1362,Laptop,South,Retail,4,784,3136
2025-08-15,ORD-1363,Headphones,East,Partner,1,1422,1422
2025-09-09,ORD-1364,Monitor,South,Retail,3,297,891
2025-12-09,ORD-1365,Laptop,West,Online,2,1129,2258
2025-09-27,ORD-1366,Phone,West,Retail,2,313,626
2025-06-30,ORD-1367,Phone,South,Online,2,902,1804
2025-07-14,ORD-1368,Monitor,West,Online,1,515,515
2025-08-08,ORD-1369,Phone,West,Partner,4,1315,5260
2025-03-31,ORD-1370,Tablet,South,Retail,3,148,444
2025-10-22,ORD-1371,Headphones,North,Retail,2,104,208
2025-12-14,ORD-1372,Headphones,East,Partner,2,894,1788
2025-10-27,ORD-1373,Phone,West,Retail,3,449,1347
2025-12-14,ORD-1374,Headphones,West,Partner,3,823,2469
2025-02-19,ORD-1375,Laptop,North,Partner,2,1106,2212
2025-08-13,ORD-1376,Monitor,North,Retail,1,782,782
2025-11-27,ORD-1377,Phone,North,Online,3,103,309
2025-04-22,ORD-1378,Laptop,West,Online,4,227,908
2025-03-09,ORD-1379,Tablet,North,Online,3,405,1215
2025-01-22,ORD-1380,Monitor,North,Online,2,155,310
2025-05-22,ORD-1381,Headphones,South,Partner,3,1073,3219
2025-12-22,ORD-1382,Phone,North,Retail,1,474,474
2025-04-20,ORD-1383,Monitor,East,Retail,1,364,364
2025-01-05,ORD-1384,Headphones,North,Partner,3,67,201
2025-11-06,ORD-1385,Headphones,North,Retail,2,738,1476
2025-08-26,ORD-1386,Monitor,East,Retail,3,1282,3846
2025-07-31,ORD-1387,Laptop,East,Partner,2,1490,2980
2025-03-12,ORD-1388,Phone,North,Partner,2,519,1038
2025-06-18,ORD-1389,Headphones,South,Partner,1,1048,1048
2025-08-10,ORD-1390,Phone,East,Partner,1,738,738
2025-09-30,ORD-1391,Tablet,East,Partner,3,1378,4134
2025-05-11,ORD-1392,Tablet,East,Partner,3,81,243
2025-04-09,ORD-1393,Laptop,North,Online,2,957,1914
2025-10-27,ORD-1394,Phone,East,Online,3,763,2289
2025-03-05,ORD-1395,Monitor,East,Retail,1,495,495
2025-02-15,ORD-1396,Headphones,South,Partner,4,1467,5868
2025-03-28,ORD-1397,Tablet,East,Partner,4,853,3412
2025-06-02,ORD-1398,Headphones,North,Partner,3,1460,4380
2025-08-06,ORD-1399,Tablet,East,Online,3,472,1416
2025-04-22,ORD-1400,Tablet,East,Retail,3,1132,3396
2025-11-06,ORD-1401,Monitor,South,Partner,3,435,1305
2025-07-28,ORD-1402,Phone,South,Online,3,615,1845
2025-11-11,ORD-1403,Laptop,South,Partner,1,331,331
2025-10-29,ORD-1404,Headphones,East,Partner,2,1277,2554
2025-10-17,ORD-1405,Tablet,South,Online,1,1350,1350
2025-06-18,ORD-1406,Tablet,North,Partner,1,824,824
2025-07-18,ORD-1407,Phone,North,Partner,1,815,815
2025-06-18,ORD-1408,Tablet,West,Retail,3,912,2736
2025-04-10,ORD-1409,Headphones,South,Partner,2,552,1104
2025-10-28,ORD-1410,Monitor,North,Online,1,864,864
2025-01-31,ORD-1411,Headphones,South,Retail,4,215,860
2025-10-03,ORD-1412,Monitor,North,Online,4,161,644
2025-06-09,ORD-1413,Tablet,East,Online,3,460,1380
2025-06-03,ORD-1414,Tablet,East,Retail,2,1378,2756
2025-05-23,ORD-1415,Laptop,North,Online,3,1120,3360
2025-06-28,ORD-1416,Headphones,South,Partner,4,1052,4208
2025-09-18,ORD-1417,Headphones,East,Retail,2,986,1972
2025-09-21,ORD-1418,Tablet,South,Online,4,634,2536
2025-09-02,ORD-1419,Laptop,North,Online,1,1285,1285
2025-10-06,ORD-1420,Laptop,East,Partner,3,315,945
2025-05-11,ORD-1421,Phone,West,Retail,2,1452,2904
2025-06-19,ORD-1422,Phone,West,Partner,1,1114,1114
2025-08-29,ORD-1423,Headphones,West,Partner,1,1222,1222
2025-03-01,ORD-1424,Phone,South,Online,2,437,874
2025-11-06,ORD-1425,Phone,North,Online,2,527,1054
2025-09-19,ORD-1426,Phone,North,Online,3,627,1881
2025-08-26,ORD-1427,Monitor,South,Online,2,163,326
2025-08-21,ORD-1428,Laptop,North,Partner,3,438,1314
2025-03-12,ORD-1429,Headphones,South,Partner,4,1401,5604
2025-06-13,ORD-1430,Tablet,South,Partner,4,929,3716
2025-10-04,ORD-1431,Monitor,East,Online,4,516,2064
2025-04-25,ORD-1432,Phone,North,Online,1,1465,1465
2025-04-01,ORD-1433,Tablet,South,Online,2,240,480
2025-06-22,ORD-1434,Monitor,East,Retail,3,434,1302
2025-01-22,ORD-1435,Tablet,West,Online,3,187,561
2025-12-01,ORD-1436,Monitor,East,Online,2,1347,2694
2025-07-22,ORD-1437,Headphones,East,Online,4,1065,4260
2025-08-04,ORD-1438,Phone,East,Online,2,828,1656
2025-11-22,ORD-1439,Laptop,South,Online,2,256,512
2025-11-06,ORD-1440,Tablet,South,Retail,1,703,703
2025-01-12,ORD-1441,Laptop,North,Partner,3,466,1398
2025-12-24,ORD-1442,Headphones,South,Partner,1,1018,1018
2025-06-08,ORD-1443,Phone,East,Partner,3,638,1914
2025-10-30,ORD-1444,Headphones,East,Online,4,76,304
2025-11-17,ORD-1445,Laptop,East,Partner,4,781,3124
2025-01-28,ORD-1446,Tablet,West,Retail,2,754,1508
2025-04-10,ORD-1447,Tablet,West,Online,1,1479,1479
2025-05-18,ORD-1448,Monitor,North,Retail,1,1492,1492
2025-10-13,ORD-1449,Phone,West,Online,4,1301,5204
2025-06-23,ORD-1450,Phone,South,Retail,1,119,119
2025-06-04,ORD-1451,Tablet,North,Partner,4,1276,5104
2025-05-13,ORD-1452,Headphones,East,Online,1,1221,1221
2025-10-15,ORD-1453,Laptop,North,Partner,4,563,2252
2025-06-21,ORD-1454,Tablet,East,Retail,2,780,1560
2025-02-10,ORD-1455,Headphones,West,Online,3,861,2583
2025-12-18,ORD-1456,Laptop,East,Partner,1,539,539
2025-09-03,ORD-1457,Phone,North,Partner,2,931,1862
2025-03-19,ORD-1458,Monitor,North,Retail,1,391,391
2025-04-20,ORD-1459,Headphones,North,Retail,1,1369,1369
2025-10-06,ORD-1460,Tablet,West,Online,1,740,740
2025-11-24,ORD-1461,Monitor,South,Partner,3,719,2157
2025-09-02,ORD-1462,Monitor,South,Retail,2,1152,2304
2025-12-06,ORD-1463,Tablet,North,Retail,2,277,554
2025-09-20,ORD-1464,Headphones,West,Retail,1,338,338
2025-02-17,ORD-1465,Tablet,North,Online,2,730,1460
2025-05-05,ORD-1466,Headphones,West,Partner,4,1207,4828
2025-06-29,ORD-1467,Tablet,West,Retail,1,1431,1431
2025-01-19,ORD-1468,Monitor,West,Online,1,81,81
2025-08-18,ORD-1469,Laptop,North,Partner,2,651,1302
2025-08-26,ORD-1470,Laptop,South,Online,1,777,777
2025-06-22,ORD-1471,Headphones,North,Partner,4,821,3284
2025-05-22,ORD-1472,Headphones,North,Partner,2,1427,2854
2025-01-11,ORD-1473,Phone,East,Online,3,357,1071
2025-11-13,ORD-1474,Tablet,North,Retail,3,807,2421
2025-12-20,ORD-1475,Laptop,South,Online,2,233,466
2025-03-15,ORD-1476,Headphones,North,Retail,2,530,1060
2025-05-27,ORD-1477,Phone,South,Partner,4,138,552
2025-07-28,ORD-1478,Monitor,West,Partner,3,1349,4047
2025-03-13,ORD-1479,Laptop,North,Retail,3,442,1326
2025-04-22,ORD-1480,Monitor,North,Retail,2,548,1096
2025-07-29,ORD-1481,Headphones,West,Retail,4,367,1468
2025-10-28,ORD-1482,Phone,West,Partner,1,323,323
2025-07-07,ORD-1483,Phone,East,Partner,2,851,1702
2025-06-22,ORD-1484,Monitor,West,Online,1,1381,1381
2025-11-05,ORD-1485,Tablet,South,Online,4,1111,4444
2025-12-21,ORD-1486,Headphones,South,Online,2,494,988
2025-09-11,ORD-1487,Phone,West,Retail,1,55,55
2025-01-04,ORD-1488,Phone,West,Partner,2,178,356
2025-04-07,ORD-1489,Tablet,West,Retail,1,779,779
2025-07-09,ORD-1490,Monitor,North,Partner,3,1082,3246
2025-08-30,ORD-1491,Monitor,South,Partner,4,1313,5252
2025-09-25,ORD-1492,Tablet,East,Online,3,1323,3969
2025-07-01,ORD-1493,Phone,North,Online,2,710,1420
2025-01-12,ORD-1494,Monitor,South,Partner,4,1176,4704
2025-08-14,ORD-1495,Tablet,West,Online,2,621,1242
2025-01-03,ORD-1496,Headphones,North,Retail,2,556,1112
2025-10-18,ORD-1497,Tablet,North,Partner,3,955,2865
2025-12-04,ORD-1498,Tablet,West,Partner,2,530,1060
2025-11-28,ORD-1499,Monitor,South,Partner,2,1137,2274
2025-08-04,ORD-1500,Phone,West,Retail,1,1240,1240
2025-11-07,ORD-1501,Headphones,West,Retail,1,1466,1466
2025-03-19,ORD-1502,Laptop,West,Online,2,1304,2608
2025-10-30,ORD-1503,Monitor,South,Partner,1,349,349
2025-01-12,ORD-1504,Tablet,West,Online,3,933,2799
2025-10-08,ORD-1505,Laptop,South,Retail,4,301,1204
2025-10-14,ORD-1506,Headphones,East,Partner,4,1018,4072
2025-12-25,ORD-1507,Tablet,South,Retail,2,382,764
2025-05-27,ORD-1508,Laptop,South,Retail,1,266,266
2025-07-13,ORD-1509,Monitor,South,Partner,2,1001,2002
2025-09-16,ORD-1510,Monitor,North,Retail,3,775,2325
2025-08-01,ORD-1511,Tablet,West,Retail,3,1444,4332
2025-06-29,ORD-1512,Headphones,East,Retail,4,522,2088
2025-05-02,ORD-1513,Laptop,North,Online,4,1233,4932
2025-07-26,ORD-1514,Tablet,South,Retail,4,1024,4096
2025-05-31,ORD-1515,Laptop,West,Online,2,1311,2622
2025-11-25,ORD-1516,Phone,North,Online,1,1363,1363
2025-12-14,ORD-1517,Tablet,North,Retail,2,1284,2568
2025-03-22,ORD-1518,Phone,North,Online,2,757,1514
2025-02-02,ORD-1519,Headphones,South,Partner,2,759,1518
2025-03-12,ORD-1520,Headphones,West,Online,1,1091,1091
2025-10-17,ORD-1521,Laptop,South,Partner,4,945,3780
2025-04-17,ORD-1522,Headphones,East,Retail,4,339,1356
2025-01-16,ORD-1523,Phone,East,Retail,2,724,1448
2025-07-14,ORD-1524,Phone,West,Retail,3,1122,3366
2025-10-23,ORD-1525,Laptop,South,Retail,3,1204,3612
2025-11-13,ORD-1526,Headphones,East,Retail,2,1092,2184
2025-02-01,ORD-1527,Monitor,North,Online,2,1403,2806
2025-08-22,ORD-1528,Laptop,North,Online,1,738,738
2025-08-15,ORD-1529,Monitor,West,Retail,3,634,1902
2025-04-12,ORD-1530,Laptop,East,Partner,3,1360,4080
2025-04-15,ORD-1531,Tablet,South,Online,3,1229,3687
2025-08-10,ORD-1532,Headphones,West,Partner,1,1153,1153
2025-11-07,ORD-1533,Headphones,West,Online,3,298,894
2025-08-11,ORD-1534,Monitor,East,Retail,2,1343,2686
2025-10-28,ORD-1535,Monitor,East,Retail,3,850,2550
2025-05-04,ORD-1536,Monitor,North,Online,3,990,2970
2025-08-16,ORD-1537,Headphones,East,Partner,3,1349,4047
2025-01-23,ORD-1538,Monitor,South,Partner,2,1198,2396
2025-11-15,ORD-1539,Phone,West,Online,4,1087,4348
2025-02-25,ORD-1540,Laptop,South,Online,3,1454,4362
2025-01-16,ORD-1541,Phone,North,Partner,2,1174,2348
2025-02-01,ORD-1542,Laptop,East,Online,4,1348,5392
2025-12-15,ORD-1543,Tablet,South,Online,3,1032,3096
2025-06-22,ORD-1544,Tablet,North,Partner,1,344,344
2025-05-09,ORD-1545,Monitor,East,Retail,4,397,1588
2025-08-21,ORD-1546,Monitor,North,Partner,2,696,1392
2025-10-09,ORD-1547,Headphones,East,Retail,4,663,2652
2025-06-27,ORD-1548,Laptop,North,Online,2,952,1904
2025-06-14,ORD-1549,Tablet,North,Retail,2,1266,2532
2025-09-17,ORD-1550,Monitor,South,Retail,2,1280,2560
2025-04-20,ORD-1551,Headphones,North,Partner,4,1451,5804
2025-09-29,ORD-1552,Tablet,West,Retail,2,145,290
2025-03-02,ORD-1553,Phone,South,Online,2,1160,2320
2025-07-10,ORD-1554,Headphones,North,Online,4,205,820
2025-09-02,ORD-1555,Phone,West,Online,1,1390,1390
2025-06-27,ORD-1556,Phone,West,Online,1,1489,1489
2025-05-10,ORD-1557,Phone,West,Retail,2,244,488
2025-01-16,ORD-1558,Monitor,West,Online,4,322,1288
2025-03-31,ORD-1559,Headphones,East,Retail,4,625,2500
2025-08-04,ORD-1560,Monitor,North,Retail,3,1057,3171
2025-03-04,ORD-1561,Tablet,East,Retail,1,1176,1176
2025-04-02,ORD-1562,Tablet,West,Retail,4,1305,5220
2025-01-08,ORD-1563,Headphones,North,Partner,4,1207,4828
2025-01-25,ORD-1564,Headphones,North,Online,4,1491,5964
2025-05-02,ORD-1565,Headphones,West,Partner,4,741,2964
2025-09-19,ORD-1566,Phone,North,Partner,4,424,1696
2025-01-09,ORD-1567,Laptop,North,Retail,2,847,1694
2025-10-16,ORD-1568,Laptop,North,Retail,1,1210,1210
2025-02-07,ORD-1569,Phone,North,Retail,1,162,162
2025-07-25,ORD-1570,Laptop,South,Online,3,427,1281
2025-04-29,ORD-1571,Laptop,West,Partner,3,1075,3225
2025-04-15,ORD-1572,Phone,North,Partner,3,954,2862
2025-01-30,ORD-1573,Phone,East,Partner,2,1369,2738
2025-12-09,ORD-1574,Headphones,South,Partner,4,1200,4800
2025-05-25,ORD-1575,Tablet,West,Retail,3,821,2463
2025-10-25,ORD-1576,Laptop,East,Retail,4,1040,4160
2025-05-29,ORD-1577,Headphones,West,Online,2,128,256
2025-10-30,ORD-1578,Monitor,North,Online,3,526,1578
2025-04-01,ORD-1579,Laptop,West,Retail,3,239,717
2025-12-11,ORD-1580,Laptop,South,Online,2,712,1424
2025-01-22,ORD-1581,Phone,East,Retail,2,786,1572
2025-09-26,ORD-1582,Phone,East,Online,4,1152,4608
2025-05-19,ORD-1583,Phone,South,Retail,2,1382,2764
2025-05-12,ORD-1584,Monitor,North,Partner,2,1380,2760
2025-02-20,ORD-1585,Tablet,North,Retail,2,492,984
2025-07-09,ORD-1586,Laptop,North,Retail,3,1113,3339
2025-09-19,ORD-1587,Phone,South,Online,1,920,920
2025-03-03,ORD-1588,Monitor,North,Online,1,1011,1011
2025-12-18,ORD-1589,Headphones,West,Retail,1,904,904
2025-09-14,ORD-1590,Monitor,South,Partner,4,969,3876
2025-04-14,ORD-1591,Headphones,West,Partner,4,147,588
2025-06-12,ORD-1592,Monitor,West,Online,1,1300,1300
2025-07-01,ORD-1593,Monitor,East,Online,3,101,303
2025-04-25,ORD-1594,Phone,South,Retail,4,814,3256
2025-11-04,ORD-1595,Phone,North,Partner,2,246,492
2025-10-08,ORD-1596,Monitor,South,Online,4,153,612
2025-02-13,ORD-1597,Laptop,South,Retail,3,755,2265
2025-07-08,ORD-1598,Tablet,South,Partner,4,375,1500
2025-05-04,ORD-1599,Phone,North,Online,1,1468,1468
2025-06-26,ORD-1600,Tablet,East,Partner,3,1434,4302
2025-07-12,ORD-1601,Phone,East,Retail,4,1135,4540
2025-03-12,ORD-1602,Headphones,South,Partner,3,1143,3429
2025-06-30,ORD-1603,Tablet,East,Online,3,1199,3597
2025-03-10,ORD-1604,Monitor,South,Partner,1,1169,1169
2025-07-22,ORD-1605,Monitor,North,Partner,1,1111,1111
2025-12-09,ORD-1606,Phone,South,Retail,3,508,1524
2025-03-04,ORD-1607,Headphones,East,Partner,2,1220,2440
2025-11-25,ORD-1608,Tablet,West,Retail,3,1461,4383
2025-02-25,ORD-1609,Phone,East,Online,2,1496,2992
2025-11-08,ORD-1610,Tablet,South,Retail,2,968,1936
2025-05-04,ORD-1611,Tablet,West,Retail,3,1136,3408
2025-12-03,ORD-1612,Monitor,North,Retail,2,428,856
2025-05-19,ORD-1613,Laptop,West,Retail,4,175,700
2025-12-20,ORD-1614,Tablet,East,Partner,1,461,461
2025-09-03,ORD-1615,Laptop,West,Online,3,1463,4389
2025-10-01,ORD-1616,Laptop,North,Partner,1,936,936
2025-07-09,ORD-1617,Monitor,South,Partner,4,146,584
2025-05-26,ORD-1618,Tablet,West,Online,4,604,2416
2025-09-06,ORD-1619,Headphones,West,Retail,3,1308,3924
2025-10-25,ORD-1620,Laptop,West,Online,3,920,2760
2025-04-26,ORD-1621,Headphones,East,Online,2,364,728
2025-08-27,ORD-1622,Phone,North,Partner,2,428,856
2025-03-28,ORD-1623,Headphones,West,Partner,3,1330,3990
2025-05-08,ORD-1624,Laptop,South,Partner,2,98,196
2025-07-06,ORD-1625,Monitor,South,Online,3,850,2550
2025-01-01,ORD-1626,Phone,East,Retail,3,1476,4428
2025-10-11,ORD-1627,Laptop,East,Retail,2,291,582
2025-11-02,ORD-1628,Monitor,East,Retail,1,1433,1433
2025-04-07,ORD-1629,Laptop,South,Partner,3,672,2016
2025-05-01,ORD-1630,Headphones,East,Online,3,1442,4326
2025-07-24,ORD-1631,Laptop,West,Partner,3,1061,3183
2025-05-06,ORD-1632,Tablet,East,Online,1,531,531
2025-01-13,ORD-1633,Tablet,East,Retail,1,1496,1496
2025-11-16,ORD-1634,Monitor,South,Online,1,798,798
2025-04-10,ORD-1635,Tablet,South,Retail,4,1239,4956
2025-04-22,ORD-1636,Tablet,East,Online,3,750,2250
2025-09-12,ORD-1637,Tablet,East,Online,2,333,666
2025-04-20,ORD-1638,Tablet,West,Retail,4,1191,4764
2025-06-01,ORD-1639,Laptop,West,Retail,2,1461,2922
2025-08-29,ORD-1640,Phone,East,Retail,4,504,2016
2025-08-30,ORD-1641,Phone,East,Online,1,1374,1374
2025-04-14,ORD-1642,Monitor,South,Partner,4,366,1464
2025-08-23,ORD-1643,Laptop,West,Online,3,710,2130
2025-02-25,ORD-1644,Monitor,West,Online,1,1452,1452
2025-11-14,ORD-1645,Phone,North,Retail,2,1460,2920
2025-09-10,ORD-1646,Phone,East,Partner,1,477,477
2025-07-25,ORD-1647,Tablet,North,Online,1,489,489
2025-05-24,ORD-1648,Laptop,West,Retail,2,842,1684
2025-10-14,ORD-1649,Headphones,West,Partner,3,232,696
2025-01-07,ORD-1650,Headphones,North,Retail,2,292,584
2025-08-30,ORD-1651,Laptop,West,Retail,3,631,1893
2025-10-12,ORD-1652,Tablet,West,Retail,1,84,84
2025-04-12,ORD-1653,Headphones,North,Partner,1,575,575
2025-11-04,ORD-1654,Tablet,North,Retail,4,1396,5584
2025-03-20,ORD-1655,Tablet,East,Partner,2,1380,2760
2025-10-09,ORD-1656,Laptop,West,Partner,3,719,2157
2025-06-04,ORD-1657,Headphones,West,Online,4,1328,5312
2025-03-29,ORD-1658,Laptop,North,Online,1,230,230
2025-01-09,ORD-1659,Laptop,West,Online,1,912,912
2025-11-18,ORD-1660,Monitor,East,Partner,4,1109,4436
2025-12-19,ORD-1661,Headphones,North,Retail,4,1144,4576
2025-11-21,ORD-1662,Tablet,South,Retail,3,957,2871
2025-08-02,ORD-1663,Phone,South,Retail,2,404,808
2025-01-11,ORD-1664,Monitor,East,Retail,2,1185,2370
2025-02-27,ORD-1665,Laptop,North,Retail,1,1276,1276
2025-12-12,ORD-1666,Monitor,East,Partner,1,857,857
2025-11-20,ORD-1667,Headphones,North,Partner,2,428,856
2025-01-31,ORD-1668,Laptop,East,Partner,2,866,1732
2025-03-17,ORD-1669,Laptop,West,Retail,1,1254,1254
2025-05-21,ORD-1670,Tablet,West,Online,4,433,1732
2025-10-26,ORD-1671,Headphones,North,Retail,2,1437,2874
2025-04-21,ORD-1672,Phone,South,Retail,2,532,1064
2025-11-25,ORD-1673,Monitor,North,Retail,4,417,1668
2025-12-01,ORD-1674,Headphones,West,Partner,3,453,1359
2025-06-26,ORD-1675,Phone,South,Partner,4,169,676
2025-08-29,ORD-1676,Tablet,North,Online,4,488,1952
2025-11-27,ORD-1677,Monitor,West,Online,3,966,2898
2025-05-11,ORD-1678,Phone,West,Online,3,1039,3117
2025-12-13,ORD-1679,Phone,East,Online,4,1221,4884
2025-10-09,ORD-1680,Laptop,North,Retail,3,533,1599
2025-12-23,ORD-1681,Tablet,North,Online,3,752,2256
2025-05-27,ORD-1682,Laptop,East,Online,4,908,3632
2025-08-03,ORD-1683,Tablet,West,Partner,2,218,436
2025-08-17,ORD-1684,Monitor,South,Partner,1,694,694
2025-05-02,ORD-1685,Tablet,North,Online,2,1020,2040
2025-05-13,ORD-1686,Tablet,West,Partner,4,342,1368
2025-05-03,ORD-1687,Laptop,North,Partner,4,347,1388
2025-06-17,ORD-1688,Monitor,East,Retail,3,1034,3102
2025-04-20,ORD-1689,Headphones,South,Retail,3,1038,3114
2025-02-18,ORD-1690,Laptop,West,Retail,2,820,1640
2025-06-07,ORD-1691,Laptop,West,Partner,2,505,1010
2025-02-01,ORD-1692,Laptop,East,Retail,3,549,1647
2025-03-18,ORD-1693,Headphones,West,Retail,4,1357,5428
2025-07-26,ORD-1694,Headphones,South,Online,3,65,195
2025-06-13,ORD-1695,Headphones,West,Retail,4,1226,4904
2025-05-26,ORD-1696,Headphones,East,Partner,1,602,602
2025-11-02,ORD-1697,Tablet,West,Online,1,918,918
2025-02-03,ORD-1698,Phone,West,Retail,2,614,1228
2025-03-26,ORD-1699,Phone,West,Online,1,1366,1366
2025-04-18,ORD-1700,Phone,South,Partner,2,1100,2200
2025-01-27,ORD-1701,Laptop,South,Online,1,717,717
2025-09-19,ORD-1702,Phone,South,Online,2,228,456
2025-06-24,ORD-1703,Headphones,West,Online,2,952,1904
2025-05-06,ORD-1704,Tablet,South,Retail,2,262,524
2025-06-17,ORD-1705,Laptop,East,Partner,1,290,290
2025-01-04,ORD-1706,Laptop,South,Retail,1,564,564
2025-08-25,ORD-1707,Phone,East,Online,2,980,1960
2025-10-14,ORD-1708,Tablet,East,Retail,4,271,1084
2025-09-22,ORD-1709,Phone,East,Partner,1,1387,1387
2025-12-23,ORD-1710,Headphones,South,Retail,4,1453,5812
2025-10-24,ORD-1711,Laptop,North,Partner,3,553,1659
2025-10-22,ORD-1712,Headphones,East,Retail,1,1382,1382
2025-09-29,ORD-1713,Laptop,East,Retail,3,1363,4089
2025-11-06,ORD-1714,Monitor,West,Partner,2,857,1714
2025-12-24,ORD-1715,Tablet,West,Online,3,196,588
2025-09-06,ORD-1716,Phone,South,Partner,2,105,210
2025-10-13,ORD-1717,Tablet,South,Retail,4,1417,5668
2025-11-16,ORD-1718,Laptop,North,Online,3,749,2247
2025-04-09,ORD-1719,Laptop,West,Online,1,623,623
2025-08-23,ORD-1720,Monitor,South,Retail,1,1404,1404
2025-05-25,ORD-1721,Headphones,East,Retail,2,84,168
2025-07-17,ORD-1722,Laptop,West,Retail,3,661,1983
2025-09-09,ORD-1723,Monitor,East,Retail,4,1492,5968
2025-05-26,ORD-1724,Phone,North,Partner,4,978,3912
2025-04-22,ORD-1725,Headphones,East,Retail,1,655,655
2025-05-21,ORD-1726,Monitor,West,Partner,2,1063,2126
2025-06-04,ORD-1727,Monitor,South,Retail,3,1377,4131
2025-03-18,ORD-1728,Monitor,West,Online,2,92,184
2025-08-09,ORD-1729,Headphones,North,Retail,1,430,430
2025-08-27,ORD-1730,Tablet,South,Partner,2,245,490
2025-01-21,ORD-1731,Headphones,North,Partner,2,562,1124
2025-01-22,ORD-1732,Tablet,North,Online,3,709,2127
2025-09-14,ORD-1733,Phone,West,Partner,4,987,3948
2025-05-03,ORD-1734,Monitor,East,Partner,1,420,420
2025-10-11,ORD-1735,Phone,South,Partner,1,661,661
2025-01-24,ORD-1736,Laptop,West,Retail,1,940,940
2025-11-05,ORD-1737,Phone,South,Retail,4,738,2952
2025-12-08,ORD-1738,Tablet,North,Online,3,573,1719
2025-02-24,ORD-1739,Headphones,North,Partner,3,1066,3198
2025-09-14,ORD-1740,Tablet,North,Retail,3,822,2466
2025-10-19,ORD-1741,Phone,West,Online,2,506,1012
2025-08-28,ORD-1742,Monitor,North,Retail,3,533,1599
2025-06-20,ORD-1743,Headphones,East,Partner,2,1012,2024
2025-10-26,ORD-1744,Headphones,North,Retail,4,884,3536
2025-11-10,ORD-1745,Tablet,South,Online,2,782,1564
2025-08-16,ORD-1746,Monitor,East,Retail,2,678,1356
2025-01-04,ORD-1747,Monitor,West,Partner,3,520,1560
2025-04-11,ORD-1748,Tablet,South,Partner,3,1075,3225
2025-03-10,ORD-1749,Headphones,North,Online,3,961,2883
2025-10-30,ORD-1750,Tablet,East,Retail,1,168,168
2025-09-28,ORD-1751,Tablet,West,Retail,2,1024,2048
2025-06-06,ORD-1752,Monitor,South,Online,2,1358,2716
2025-08-13,ORD-1753,Tablet,North,Partner,1,593,593
2025-08-21,ORD-1754,Monitor,West,Retail,4,1214,4856
2025-04-18,ORD-1755,Monitor,West,Online,2,351,702
2025-09-15,ORD-1756,Laptop,South,Online,2,1380,2760
2025-07-12,ORD-1757,Headphones,East,Online,1,1043,1043
2025-12-13,ORD-1758,Headphones,West,Partner,3,1255,3765
2025-07-18,ORD-1759,Phone,East,Partner,3,1247,3741
2025-04-08,ORD-1760,Monitor,South,Online,2,1252,2504
2025-01-31,ORD-1761,Phone,South,Retail,3,947,2841
2025-03-20,ORD-1762,Phone,West,Retail,3,1019,3057
2025-05-26,ORD-1763,Monitor,North,Retail,4,1036,4144
2025-01-02,ORD-1764,Monitor,North,Retail,2,231,462
2025-01-03,ORD-1765,Phone,West,Online,3,541,1623
2025-06-20,ORD-1766,Headphones,South,Online,1,1321,1321
2025-10-14,ORD-1767,Headphones,South,Partner,2,1191,2382
2025-10-24,ORD-1768,Headphones,East,Retail,1,805,805
2025-04-23,ORD-1769,Headphones,East,Online,3,508,1524
2025-07-09,ORD-1770,Headphones,East,Retail,2,794,1588
2025-04-07,ORD-1771,Laptop,North,Online,3,182,546
2025-12-19,ORD-1772,Phone,West,Partner,2,1085,2170
2025-04-18,ORD-1773,Monitor,South,Retail,4,905,3620
2025-04-26,ORD-1774,Laptop,East,Online,3,329,987
2025-01-21,ORD-1775,Headphones,East,Retail,4,1373,5492
2025-01-03,ORD-1776,Laptop,South,Online,4,579,2316
2025-08-09,ORD-1777,Laptop,East,Retail,2,365,730
2025-11-04,ORD-1778,Laptop,North,Retail,2,478,956
2025-12-27,ORD-1779,Laptop,East,Online,3,1478,4434
2025-04-14,ORD-1780,Tablet,South,Partner,1,1085,1085
2025-01-26,ORD-1781,Phone,North,Retail,3,941,2823
2025-01-22,ORD-1782,Tablet,West,Online,4,1267,5068
2025-08-14,ORD-1783,Monitor,South,Online,1,381,381
2025-06-21,ORD-1784,Monitor,North,Partner,2,1037,2074
2025-09-05,ORD-1785,Headphones,East,Partner,3,130,390
2025-01-02,ORD-1786,Phone,East,Partner,4,1219,4876
2025-12-21,ORD-1787,Monitor,North,Retail,4,1149,4596
2025-07-01,ORD-1788,Headphones,South,Online,2,223,446
2025-08-23,ORD-1789,Monitor,South,Partner,3,878,2634
2025-08-09,ORD-1790,Monitor,West,Partner,2,1400,2800
2025-05-28,ORD-1791,Monitor,North,Partner,1,582,582
2025-01-31,ORD-1792,Phone,North,Retail,2,1299,2598
2025-01-16,ORD-1793,Headphones,North,Retail,2,189,378
2025-03-12,ORD-1794,Monitor,East,Retail,2,832,1664
2025-04-03,ORD-1795,Monitor,West,Retail,2,948,1896
2025-12-02,ORD-1796,Tablet,South,Partner,3,771,2313
2025-11-11,ORD-1797,Monitor,East,Retail,4,1161,4644
2025-11-16,ORD-1798,Phone,North,Online,1,1062,1062
2025-01-24,ORD-1799,Monitor,West,Partner,4,1232,4928
2025-12-05,ORD-1800,Monitor,East,Online,1,1460,1460
2025-04-15,ORD-1801,Monitor,North,Retail,1,1015,1015
2025-07-10,ORD-1802,Phone,South,Online,4,147,588
2025-04-15,ORD-1803,Headphones,West,Partner,3,495,1485
2025-07-23,ORD-1804,Tablet,West,Partner,1,1062,1062
2025-12-06,ORD-1805,Headphones,South,Partner,3,806,2418
2025-08-14,ORD-1806,Monitor,North,Partner,3,796,2388
2025-09-28,ORD-1807,Headphones,North,Partner,2,494,988
2025-10-31,ORD-1808,Tablet,North,Online,4,1253,5012
2025-02-20,ORD-1809,Phone,North,Online,4,562,2248
2025-07-16,ORD-1810,Phone,West,Retail,4,691,2764
2025-05-10,ORD-1811,Laptop,South,Partner,2,859,1718
2025-02-08,ORD-1812,Tablet,South,Retail,3,1343,4029
2025-12-07,ORD-1813,Phone,South,Retail,4,472,1888
2025-07-12,ORD-1814,Laptop,South,Partner,1,1433,1433
2025-06-08,ORD-1815,Monitor,South,Retail,1,332,332
2025-03-28,ORD-1816,Laptop,South,Retail,2,676,1352
2025-03-31,ORD-1817,Laptop,West,Partner,4,520,2080
2025-10-29,ORD-1818,Phone,South,Online,4,1314,5256
2025-02-12,ORD-1819,Phone,West,Retail,1,597,597
2025-03-02,ORD-1820,Phone,South,Partner,4,927,3708
2025-01-10,ORD-1821,Phone,East,Partner,1,1120,1120
2025-10-04,ORD-1822,Tablet,North,Retail,3,933,2799
2025-06-26,ORD-1823,Headphones,South,Partner,4,1306,5224
2025-07-11,ORD-1824,Headphones,North,Retail,3,1357,4071
2025-02-15,ORD-1825,Tablet,East,Online,3,469,1407
2025-10-31,ORD-1826,Phone,South,Partner,4,360,1440
2025-12-15,ORD-1827,Tablet,West,Online,4,104,416
2025-07-28,ORD-1828,Tablet,West,Partner,3,67,201
2025-07-21,ORD-1829,Monitor,North,Partner,3,1347,4041
2025-04-06,ORD-1830,Tablet,North,Retail,3,192,576
2025-12-23,ORD-1831,Laptop,South,Partner,1,1448,1448
2025-11-27,ORD-1832,Phone,West,Retail,2,235,470
2025-08-25,ORD-1833,Laptop,South,Online,4,1363,5452
2025-03-05,ORD-1834,Phone,North,Retail,3,1110,3330
2025-05-11,ORD-1835,Headphones,North,Retail,3,1257,3771
2025-08-09,ORD-1836,Monitor,East,Online,1,739,739
2025-05-29,ORD-1837,Monitor,North,Retail,1,291,291
2025-08-21,ORD-1838,Monitor,South,Online,3,1453,4359
2025-01-30,ORD-1839,Phone,East,Retail,1,777,777
2025-03-25,ORD-1840,Laptop,South,Partner,4,1491,5964
2025-06-21,ORD-1841,Headphones,West,Partner,1,253,253
2025-11-14,ORD-1842,Phone,South,Online,1,983,983
2025-10-13,ORD-1843,Headphones,East,Online,3,275,825
2025-03-28,ORD-1844,Laptop,West,Partner,3,763,2289
2025-12-05,ORD-1845,Monitor,South,Retail,3,176,528
2025-02-03,ORD-1846,Monitor,West,Partner,4,439,1756
2025-10-22,ORD-1847,Phone,West,Online,3,781,2343
2025-08-12,ORD-1848,Monitor,South,Partner,3,1460,4380
2025-04-15,ORD-1849,Headphones,West,Partner,2,1327,2654
2025-03-24,ORD-1850,Phone,North,Retail,3,1227,3681
2025-09-17,ORD-1851,Laptop,West,Online,4,1095,4380
2025-02-24,ORD-1852,Tablet,East,Partner,2,616,1232
2025-12-30,ORD-1853,Headphones,South,Partner,2,98,196
2025-08-22,ORD-1854,Laptop,West,Online,4,227,908
2025-06-26,ORD-1855,Phone,East,Retail,2,621,1242
2025-07-05,ORD-1856,Laptop,South,Retail,3,1151,3453
2025-03-29,ORD-1857,Headphones,North,Partner,3,305,915
2025-01-23,ORD-1858,Laptop,South,Retail,2,196,392
2025-07-12,ORD-1859,Phone,East,Partner,1,259,259
2025-03-17,ORD-1860,Phone,East,Online,1,1294,1294
2025-10-09,ORD-1861,Monitor,West,Retail,4,1491,5964
2025-10-02,ORD-1862,Headphones,South,Partner,3,131,393
2025-05-01,ORD-1863,Headphones,West,Retail,4,902,3608
2025-02-10,ORD-1864,Monitor,East,Retail,4,1336,5344
2025-09-28,ORD-1865,Monitor,West,Partner,1,1025,1025
2025-11-18,ORD-1866,Headphones,East,Retail,1,377,377
2025-11-26,ORD-1867,Tablet,North,Retail,3,1359,4077
2025-04-16,ORD-1868,Monitor,East,Partner,2,808,1616
2025-08-14,ORD-1869,Tablet,West,Partner,4,505,2020
2025-07-10,ORD-1870,Laptop,West,Retail,2,148,296
2025-05-25,ORD-1871,Headphones,West,Partner,2,437,874
2025-07-20,ORD-1872,Tablet,South,Online,2,837,1674
2025-04-23,ORD-1873,Tablet,South,Online,3,1195,3585
2025-05-10,ORD-1874,Tablet,East,Online,1,952,952
2025-05-31,ORD-1875,Laptop,South,Retail,4,1460,5840
2025-12-22,ORD-1876,Phone,South,Partner,4,933,3732
2025-02-06,ORD-1877,Headphones,South,Retail,3,392,1176
2025-12-14,ORD-1878,Monitor,West,Online,1,1419,1419
2025-06-17,ORD-1879,Laptop,North,Online,3,139,417
2025-10-13,ORD-1880,Laptop,East,Partner,2,484,968
2025-05-27,ORD-1881,Phone,West,Partner,2,1083,2166
2025-03-17,ORD-1882,Headphones,South,Online,2,1200,2400
2025-12-10,ORD-1883,Tablet,West,Partner,2,541,1082
2025-11-30,ORD-1884,Phone,East,Retail,1,1220,1220
2025-04-07,ORD-1885,Phone,South,Retail,2,1003,2006
2025-01-20,ORD-1886,Monitor,West,Partner,4,827,3308
2025-08-07,ORD-1887,Headphones,East,Online,2,470,940
2025-04-03,ORD-1888,Monitor,North,Partner,4,1420,5680
2025-04-17,ORD-1889,Phone,South,Partner,4,891,3564
2025-08-23,ORD-1890,Tablet,North,Partner,4,850,3400
2025-05-29,ORD-1891,Headphones,East,Retail,4,1028,4112
2025-02-28,ORD-1892,Tablet,South,Retail,1,1001,1001
2025-07-08,ORD-1893,Phone,South,Retail,1,867,867
2025-07-09,ORD-1894,Laptop,West,Retail,1,838,838
2025-11-09,ORD-1895,Laptop,South,Retail,1,1264,1264
2025-01-11,ORD-1896,Monitor,South,Online,2,123,246
2025-11-20,ORD-1897,Laptop,West,Retail,3,960,2880
2025-02-11,ORD-1898,Headphones,East,Retail,2,712,1424
2025-05-18,ORD-1899,Phone,South,Partner,3,707,2121
2025-04-20,ORD-1900,Laptop,North,Online,4,914,3656
2025-07-10,ORD-1901,Headphones,North,Retail,2,1485,2970
2025-07-06,ORD-1902,Monitor,North,Partner,1,1307,1307
2025-11-12,ORD-1903,Monitor,East,Partner,3,694,2082
2025-10-04,ORD-1904,Monitor,East,Retail,1,1071,1071
2025-05-08,ORD-1905,Tablet,North,Partner,3,608,1824
2025-07-05,ORD-1906,Laptop,North,Retail,2,615,1230
2025-04-10,ORD-1907,Laptop,South,Online,1,1272,1272
2025-04-04,ORD-1908,Monitor,West,Partner,2,127,254
2025-09-16,ORD-1909,Monitor,East,Retail,2,761,1522
2025-04-16,ORD-1910,Headphones,West,Online,3,176,528
2025-11-28,ORD-1911,Headphones,South,Online,2,583,1166
2025-05-18,ORD-1912,Laptop,South,Retail,3,72,216
2025-12-06,ORD-1913,Laptop,North,Online,3,622,1866
2025-10-12,ORD-1914,Tablet,North,Partner,3,156,468
2025-06-28,ORD-1915,Headphones,North,Retail,3,857,2571
2025-12-16,ORD-1916,Headphones,East,Online,2,192,384
2025-04-25,ORD-1917,Tablet,North,Online,3,564,1692
2025-05-01,ORD-1918,Tablet,North,Partner,1,830,830
2025-04-07,ORD-1919,Tablet,West,Online,4,838,3352
2025-11-17,ORD-1920,Phone,East,Partner,1,864,864
2025-09-11,ORD-1921,Phone,West,Partner,3,53,159
2025-09-13,ORD-1922,Laptop,West,Partner,4,481,1924
2025-03-15,ORD-1923,Laptop,North,Retail,1,1299,1299
2025-11-14,ORD-1924,Monitor,East,Online,4,557,2228
2025-03-22,ORD-1925,Phone,South,Online,1,877,877
2025-09-19,ORD-1926,Tablet,South,Partner,3,829,2487
2025-01-21,ORD-1927,Monitor,South,Online,3,1320,3960
2025-10-15,ORD-1928,Phone,West,Retail,3,1156,3468
2025-05-30,ORD-1929,Phone,West,Partner,2,1244,2488
2025-02-18,ORD-1930,Monitor,South,Partner,2,222,444
2025-07-16,ORD-1931,Laptop,East,Partner,3,182,546
2025-03-16,ORD-1932,Phone,West,Partner,1,99,99
2025-02-19,ORD-1933,Tablet,West,Partner,1,1279,1279
2025-12-22,ORD-1934,Monitor,West,Online,2,1496,2992
2025-02-14,ORD-1935,Phone,East,Partner,1,1388,1388
2025-09-21,ORD-1936,Headphones,North,Online,4,456,1824
2025-12-21,ORD-1937,Monitor,North,Partner,4,1364,5456
2025-08-11,ORD-1938,Monitor,North,Partner,2,1126,2252
2025-01-24,ORD-1939,Tablet,West,Online,1,1435,1435
2025-09-06,ORD-1940,Phone,North,Retail,3,134,402
2025-12-29,ORD-1941,Monitor,East,Online,1,1426,1426
2025-11-05,ORD-1942,Tablet,North,Online,1,1456,1456
2025-03-12,ORD-1943,Phone,North,Partner,1,239,239
2025-07-12,ORD-1944,Monitor,West,Partner,3,1106,3318
2025-12-20,ORD-1945,Laptop,North,Partner,3,343,1029
2025-10-18,ORD-1946,Tablet,North,Online,4,660,2640
2025-04-21,ORD-1947,Tablet,South,Partner,4,776,3104
2025-03-17,ORD-1948,Phone,North,Partner,1,593,593
2025-03-29,ORD-1949,Laptop,South,Retail,3,781,2343
2025-02-09,ORD-1950,Tablet,East,Partner,2,477,954
2025-05-02,ORD-1951,Headphones,North,Retail,1,830,830
2025-10-30,ORD-1952,Headphones,North,Partner,4,508,2032
2025-03-21,ORD-1953,Headphones,South,Retail,1,213,213
2025-07-19,ORD-1954,Headphones,North,Partner,1,316,316
2025-12-04,ORD-1955,Laptop,South,Online,3,720,2160
2025-10-15,ORD-1956,Laptop,South,Retail,3,545,1635
2025-07-03,ORD-1957,Tablet,North,Retail,2,944,1888
2025-07-23,ORD-1958,Laptop,North,Online,3,979,2937
2025-10-27,ORD-1959,Laptop,South,Retail,2,955,1910
2025-02-03,ORD-1960,Phone,West,Partner,1,940,940
2025-11-13,ORD-1961,Phone,South,Partner,2,940,1880
2025-01-05,ORD-1962,Monitor,East,Retail,2,1306,2612
2025-03-20,ORD-1963,Laptop,South,Partner,4,360,1440
2025-05-04,ORD-1964,Laptop,North,Retail,4,397,1588
2025-10-20,ORD-1965,Laptop,North,Online,4,480,1920
2025-11-07,ORD-1966,Monitor,North,Retail,4,196,784
2025-05-10,ORD-1967,Laptop,East,Partner,2,1221,2442
2025-04-10,ORD-1968,Monitor,South,Online,1,326,326
2025-11-21,ORD-1969,Phone,North,Retail,1,395,395
2025-03-18,ORD-1970,Monitor,North,Online,3,527,1581
2025-02-25,ORD-1971,Laptop,South,Online,3,589,1767
2025-04-27,ORD-1972,Laptop,East,Partner,2,1247,2494
2025-10-16,ORD-1973,Phone,East,Online,2,1020,2040
2025-02-04,ORD-1974,Monitor,East,Retail,2,1417,2834
2025-07-03,ORD-1975,Phone,East,Partner,4,1126,4504
2025-05-16,ORD-1976,Tablet,West,Partner,4,1486,5944
2025-10-14,ORD-1977,Laptop,South,Partner,4,792,3168
2025-07-04,ORD-1978,Monitor,North,Online,1,1179,1179
2025-09-18,ORD-1979,Tablet,East,Online,4,496,1984
2025-08-20,ORD-1980,Tablet,North,Partner,4,804,3216
2025-10-31,ORD-1981,Phone,North,Retail,1,186,186
2025-07-16,ORD-1982,Laptop,North,Online,1,728,728
2025-02-04,ORD-1983,Phone,North,Retail,1,595,595
2025-05-12,ORD-1984,Tablet,North,Partner,4,852,3408
2025-01-07,ORD-1985,Tablet,East,Online,3,1200,3600
2025-05-08,ORD-1986,Headphones,East,Online,3,487,1461
2025-05-22,ORD-1987,Phone,North,Partner,1,772,772
2025-10-08,ORD-1988,Headphones,South,Online,1,1302,1302
2025-02-22,ORD-1989,Phone,West,Retail,1,468,468
2025-06-02,ORD-1990,Tablet,West,Partner,2,784,1568
2025-04-12,ORD-1991,Tablet,West,Partner,1,512,512
2025-12-17,ORD-1992,Monitor,South,Online,3,1295,3885
2025-07-06,ORD-1993,Phone,North,Retail,1,1121,1121
2025-02-04,ORD-1994,Phone,South,Online,4,269,1076
2025-06-24,ORD-1995,Headphones,South,Online,3,621,1863
2025-05-02,ORD-1996,Headphones,East,Retail,2,171,342
2025-12-09,ORD-1997,Monitor,East,Online,4,1147,4588
2025-07-20,ORD-1998,Headphones,South,Online,3,105,315
2025-12-12,ORD-1999,Phone,North,Partner,4,130,520
